{
  // Enable Auto convert on save
  //"markdown-pdf.convertOnSave": true,

  // 拡張機能を自動更新
  //"extensions.autoUpdate": true,
  // 差分を横に並べて表示ではなく行内に表示する
  "diffEditor.renderSideBySide": true,
  // エクスプローラの開いているファイル一覧の表示ファイル数
  "explorer.openEditors.visible": 50,

  // ファイルの末尾は改行で終わらせる
  "files.insertFinalNewline": true,
  //末尾空白削除
  "files.trimTrailingWhitespace": true,
  // "keyboard.dispatch": "keyCode",

  // ファイルブラウザに表示しない
  "files.exclude": {
      "**/.git": true,
      "**/.svn": true,
      "**/.DS_Store": true,
  },

  // 検索(Quick Open含む)から除外するファイルを指定。エクスプローラーには表示される
  // files.excludeはエクスプローラーからも検索からも除外され、完全にないものとして扱われる
  "search.exclude": {
    "**/node_modules": true,
    "**/bower_components": true,
    "**/bundle": true,
    "**/composer": true,
    "**/tmp": true,
    "**/.tmp": true
    // 例えばキャッシュディレクトリを追加すると、検索で余計なファイルが出てこなくて便利
    //"**/tmp/cache": true
  },

  // 「ファイル モニタリングから除外するファイル パスの glob パターンを構成します。この設定を変更すると、再起動が必要になります。始動時に Code が消費する CPU 時間が多い場合は、大規模なフォルダーを除外して初期ロードを減らせます」とのこと。vendorには大抵外部ライブラリが入っているので追加で指定している
  //"files.watcherExclude": {
  //  "**/.git/objects/**": true,
  //  "**/node_modules/**": true,
  //  "**/vendor/**": true
  //},

  //ターミナルをbashにする。
  "terminal.integrated.shell.windows": "C:\\msys64\\usr\\bin\\bash.exe",
  "terminal.integrated.env.windows": {
    "MSYSTEM": "MINGW64",
    "CHERE_INVOKING": "1"
  },
  "terminal.integrated.shellArgs.windows": [
    "--login"
  ],
  "terminal.integrated.cursorStyle": "line",

  //パスの表示
  "window.title": "${dirty}${activeEditorMedium}${separator}${rootName}${separator}${appName}",
  "window.zoomLevel": -1,
  // Quick Openで開いたファイルはプレビューにしない方が使いやすい
  //"workbench.editor.enablePreviewFromQuickOpen": false,

  //utf-8(shiftjis)として読み込む
  //"files.encoding": "utf8",
  //エンコードを自動的に推測
  "files.autoGuessEncoding": true,
  //ファイル内の単語を入力候補としない。(true?)
	"editor.wordBasedSuggestions": false,
  //単語の区切り文字に全角記号、助詞、空白を追記します。
	"editor.wordSeparators": "`~!@#$%^&*()-=+[{]}\\|;:'\",.<>/?、。「」（）；：・？＜＞＋－＊／｛｝｜～＆％＄＃”！’　にをはがのとも",

  //左括弧を入力後に自動的に右括弧を挿入しないようにします。
	//"editor.autoClosingBrackets": false,
  //ユーザーが入力や貼り付け、行の移動をしたとき、エディターがインデントを自動的に調整しないようにします。
	"editor.autoIndent": false,

  //カーソルがにゅるっと点滅する(phase?)
  "editor.cursorBlinking": "smooth",
  //勝手にインデントしない？
  "editor.detectIndentation": false,

  //カーソルで何も選択していない状態でコピーを行った場合のデフォルトの動作は、カレント行をまるまるコピーします。選択範囲を指定しないでコピーする場合に現在の行をコピーしないようにします。
	// "editor.emptySelectionClipboard": false,
  //複数行を選択した状態で検索すると範囲検索を行うようにします。
	"editor.find.autoFindInSelection": true,

  "editor.fontSize": 14,
  "editor.fontFamily": "Ricty Diminished Discord",
  //"editor.fontFamily": "Monaco, Consolas",
  //"editor.fontFamily": "Fira Code",
  //"editor.fontLigatures": true,
  //タブとして入力されない
  "editor.insertSpaces": true,
  //ミニマップ非表示
	"editor.minimap.enabled": false,

  //インデントガイド(インデントに沿って縦線を表示)
  "editor.renderIndentGuides": true,
  //制御文字可視化
  "editor.renderControlCharacters": true,
  //現在行をガターを含めてハイライトするので視認性が上がる("gutter"?)
  "editor.renderLineHighlight": "all",
  //空白可視化
  "editor.renderWhitespace": "all",
  "editor.tabSize": 2,
  //ビューポート折り返し
  "editor.wordWrap": "on",

  // markdown
  //"markdown.preview.fontFamily": "'YuGothic', 'Meiryo', 'SFUIText-Light', 'HelveticaNeue-Light', sans-serif",
  //"markdown.preview.fontSize": 16,
  //"markdown.preview.lineHeight": 1.8,
  //"markdown.styles": ["C:\\Users\\mokol\\.vscode\\md.css"],

  "[markdown]": {
    "files.trimTrailingWhitespace": false,

    // lint無効
    "editor.quickSuggestions": false
  },

  "[java]": {
    "editor.tabSize": 4
  },
  // "java.home": "C:\\Program Files\\Java\\jdk-10.0.1",
  //クラスパスで怒られるけど無視
  // "java.errors.incompleteClasspath.severity": "ignore",
  //Windows版のJDKではShift_JIS。vscode-javaの自動ビルドでの文字化けを防ぎます。
  // "java.jdt.ls.vmargs": "-noverify -Xmx1G -XX:+UseG1GC -XX:+UseStringDeduplication -Dfile.encoding=UTF-8",

  "[php]": {
    "editor.tabSize": 2
  },
  "php.executablePath": "C:\\xampp\\php\\php.exe",
  "php.validate.executablePath": "C:\\xampp\\php\\php.exe",
  // "php.validate.enable": true,
  // "php.validate.run": "onType",
  //"php.suggest.basic": false,

  //jsxでemmetを使えるようにする
  "emmet.includeLanguages": {
    "javascript": "javascriptreact",
    "vue-html": "html"
  },
  "emmet.syntaxProfiles": {
    "html": {
      "attr_quotes": "single"
    },
    "jsx": {
      "self_closing_tag": true
    }
  },
  "workbench.colorTheme": "Iceberg",
  "editor.suggestSelection": "first",
  "[javascript]": {
    "editor.defaultFormatter": "HookyQR.beautify"
  },
  "emmet.triggerExpansionOnTab": true,
  // "vsintellicode.modify.editor.suggestSelection": "automaticallyOverrodeDefaultValue",




  //eslintの有効化
  //"eslint.enable": true,
  //"eslint.autoFixOnSave": true,
  //"files.autoSave": "off"

}
